number,username,code
1,Ady,953-678-868
2,Baja_Miller,294-865-779
3,Beerus,159-553-514
4,BP260,555-846-377
5,Brick_Shatner,319-499-992
6,connie_lingus,184-292-276
7,Creepo,193-687-156
8,dafreq(temp),957-626-514
9,Danius_Arbosa,847-875-835
10,Darth_Niel,126-472-861
11,drop,835-286-624
12,echuta,714-373-795
13,ecstasy_goat,293-377-136
14,Frizzy_Yeti,797-247-639
15,HappySad,965-449-774
16,Heliandor,973-718-918
17,Holder,545-856-681
18,Hurrey,883-558-167
19,Hylen,232-757-485
20,Intifada,377-815-264
21,Jan,886-115-963
22,Kura,277-739-392
23,Lavs,716-152-774
24,lonkkiz,761-571-625
25,lskywalker77,166-929-481
26,darthluc,532-619-657
27,Marsa,849-568-558
28,MELO,523-955-362
29,Mobac,871-356-929
30,Morton,398-222-196
31,Mugatu,546-234-278
32,Ono,641-665-699
33,Pikax,495-616-697
34,saltyscarab,499-638-945
35,sinnjadekiller,486-822-871
36,Smith,965-273-641
37,Snommag,941-189-488
38,Terix,313-452-666
39,Tevir,117-866-449
40,Thranduel,718-869-487
41,Uq_Waw,429-763-241
42,Urizen,837-331-916
43,Vader78,754-614-287
44,Wen_Qualto,899-346-765
45,Wingman,577-881-139
46,法隆寺(horyuji),362-689-875
47,Bjorn,357-426-666
48,Mandalor,965-113-559
49,Xxshadowxx,384-649-663
50,Nate,946-229-835